"BiocVersion","Description","Genome","SourceUrl","SourceType","SourceVersion","Species","TaxonomyId","Title","ResourceName","RDataPath","Coordinate_1_based","DataProvider","Maintainer","RDataClass","DispatchClass","Location_Prefix","Tags"
"3.15","UCSC RepeatMasker annotations (Apr2010) for Panda -Ailuropoda melanoleuca- (ailMel1)","ailMel1","https://functionalgenomics.upf.edu/annotationhub/repeatmasker/ailMel1/rmsk.ailMel1.Apr2010.rds","UCSC track","Apr2010","Ailuropoda melanoleuca",9646,"UCSC RepeatMasker annotations (Apr2010) for Panda (ailMel1)","UCSC RepeatMasker annotations (Apr2010) for Panda (ailMel1)","ailMel1/rmsk.ailMel1.Apr2010.rds",TRUE,"UCSC","Robert Castelo <robert.castelo@upf.edu>","GRanges","RDS","https://functionalgenomics.upf.edu/annotationhub/repeatmasker/","RepeatMasker,UCSC"
"3.15","UCSC RepeatMasker annotations (Sep2013) for American alligator -Alligator mississippiensis- (allMis1)","allMis1","https://functionalgenomics.upf.edu/annotationhub/repeatmasker/allMis1/rmsk.allMis1.Sep2013.rds","UCSC track","Sep2013","Alligator mississippiensis",8496,"UCSC RepeatMasker annotations (Sep2013) for American alligator (allMis1)","UCSC RepeatMasker annotations (Sep2013) for American alligator (allMis1)","allMis1/rmsk.allMis1.Sep2013.rds",TRUE,"UCSC","Robert Castelo <robert.castelo@upf.edu>","GRanges","RDS","https://functionalgenomics.upf.edu/annotationhub/repeatmasker/","RepeatMasker,UCSC"
"3.15","UCSC RepeatMasker annotations (Jun2011) for Lizard -Anolis carolinensis- (anoCar2)","anoCar2","https://functionalgenomics.upf.edu/annotationhub/repeatmasker/anoCar2/rmsk.anoCar2.Jun2011.rds","UCSC track","Jun2011","Anolis carolinensis",28377,"UCSC RepeatMasker annotations (Jun2011) for Lizard (anoCar2)","UCSC RepeatMasker annotations (Jun2011) for Lizard (anoCar2)","anoCar2/rmsk.anoCar2.Jun2011.rds",TRUE,"UCSC","Robert Castelo <robert.castelo@upf.edu>","GRanges","RDS","https://functionalgenomics.upf.edu/annotationhub/repeatmasker/","RepeatMasker,UCSC"
"3.15","UCSC RepeatMasker annotations (Oct2018) for A. gambiae -Anopheles gambiae- (anoGam3)","anoGam3","https://functionalgenomics.upf.edu/annotationhub/repeatmasker/anoGam3/rmsk.anoGam3.Oct2018.rds","UCSC track","Oct2018","Anopheles gambiae",7165,"UCSC RepeatMasker annotations (Oct2018) for A. gambiae (anoGam3)","UCSC RepeatMasker annotations (Oct2018) for A. gambiae (anoGam3)","anoGam3/rmsk.anoGam3.Oct2018.rds",TRUE,"UCSC","Robert Castelo <robert.castelo@upf.edu>","GRanges","RDS","https://functionalgenomics.upf.edu/annotationhub/repeatmasker/","RepeatMasker,UCSC"
"3.15","UCSC RepeatMasker annotations (Feb2005) for A. mellifera -Apis mellifera- (apiMel2)","apiMel2","https://functionalgenomics.upf.edu/annotationhub/repeatmasker/apiMel2/rmsk.apiMel2.Feb2005.rds","UCSC track","Feb2005","Apis mellifera",7460,"UCSC RepeatMasker annotations (Feb2005) for A. mellifera (apiMel2)","UCSC RepeatMasker annotations (Feb2005) for A. mellifera (apiMel2)","apiMel2/rmsk.apiMel2.Feb2005.rds",TRUE,"UCSC","Robert Castelo <robert.castelo@upf.edu>","GRanges","RDS","https://functionalgenomics.upf.edu/annotationhub/repeatmasker/","RepeatMasker,UCSC"
"3.15","UCSC RepeatMasker annotations (Mar2010) for Sea hare -Aplysia californica- (aplCal1)","aplCal1","https://functionalgenomics.upf.edu/annotationhub/repeatmasker/aplCal1/rmsk.aplCal1.Mar2010.rds","UCSC track","Mar2010","Aplysia californica",6500,"UCSC RepeatMasker annotations (Mar2010) for Sea hare (aplCal1)","UCSC RepeatMasker annotations (Mar2010) for Sea hare (aplCal1)","aplCal1/rmsk.aplCal1.Mar2010.rds",TRUE,"UCSC","Robert Castelo <robert.castelo@upf.edu>","GRanges","RDS","https://functionalgenomics.upf.edu/annotationhub/repeatmasker/","RepeatMasker,UCSC"
"3.15","UCSC RepeatMasker annotations (Mar2016) for Brown kiwi -Apteryx australis- (aptMan1)","aptMan1","https://functionalgenomics.upf.edu/annotationhub/repeatmasker/aptMan1/rmsk.aptMan1.Mar2016.rds","UCSC track","Mar2016","Apteryx australis",NA,"UCSC RepeatMasker annotations (Mar2016) for Brown kiwi (aptMan1)","UCSC RepeatMasker annotations (Mar2016) for Brown kiwi (aptMan1)","aptMan1/rmsk.aptMan1.Mar2016.rds",TRUE,"UCSC","Robert Castelo <robert.castelo@upf.edu>","GRanges","RDS","https://functionalgenomics.upf.edu/annotationhub/repeatmasker/","RepeatMasker,UCSC"
"3.15","UCSC RepeatMasker annotations (May2017) for Golden eagle -Aquila chrysaetos canadensis- (aquChr2)","aquChr2","https://functionalgenomics.upf.edu/annotationhub/repeatmasker/aquChr2/rmsk.aquChr2.May2017.rds","UCSC track","May2017","Aquila chrysaetos canadensis",216574,"UCSC RepeatMasker annotations (May2017) for Golden eagle (aquChr2)","UCSC RepeatMasker annotations (May2017) for Golden eagle (aquChr2)","aquChr2/rmsk.aquChr2.May2017.rds",TRUE,"UCSC","Robert Castelo <robert.castelo@upf.edu>","GRanges","RDS","https://functionalgenomics.upf.edu/annotationhub/repeatmasker/","RepeatMasker,UCSC"
"3.15","UCSC RepeatMasker annotations (Apr2014) for Minke whale -Balaenoptera acutorostrata scammoni- (balAcu1)","balAcu1","https://functionalgenomics.upf.edu/annotationhub/repeatmasker/balAcu1/rmsk.balAcu1.Apr2014.rds","UCSC track","Apr2014","Balaenoptera acutorostrata scammoni",310752,"UCSC RepeatMasker annotations (Apr2014) for Minke whale (balAcu1)","UCSC RepeatMasker annotations (Apr2014) for Minke whale (balAcu1)","balAcu1/rmsk.balAcu1.Apr2014.rds",TRUE,"UCSC","Robert Castelo <robert.castelo@upf.edu>","GRanges","RDS","https://functionalgenomics.upf.edu/annotationhub/repeatmasker/","RepeatMasker,UCSC"
"3.15","UCSC RepeatMasker annotations (Apr2017) for Bison -Bison bison bison- (bisBis1)","bisBis1","https://functionalgenomics.upf.edu/annotationhub/repeatmasker/bisBis1/rmsk.bisBis1.Apr2017.rds","UCSC track","Apr2017","Bison bison bison",43346,"UCSC RepeatMasker annotations (Apr2017) for Bison (bisBis1)","UCSC RepeatMasker annotations (Apr2017) for Bison (bisBis1)","bisBis1/rmsk.bisBis1.Apr2017.rds",TRUE,"UCSC","Robert Castelo <robert.castelo@upf.edu>","GRanges","RDS","https://functionalgenomics.upf.edu/annotationhub/repeatmasker/","RepeatMasker,UCSC"
"3.15","UCSC RepeatMasker annotations (Jun2019) for Cow -Bos taurus- (bosTau9)","bosTau9","https://functionalgenomics.upf.edu/annotationhub/repeatmasker/bosTau9/rmsk.bosTau9.Jun2019.rds","UCSC track","Jun2019","Bos taurus",9913,"UCSC RepeatMasker annotations (Jun2019) for Cow (bosTau9)","UCSC RepeatMasker annotations (Jun2019) for Cow (bosTau9)","bosTau9/rmsk.bosTau9.Jun2019.rds",TRUE,"UCSC","Robert Castelo <robert.castelo@upf.edu>","GRanges","RDS","https://functionalgenomics.upf.edu/annotationhub/repeatmasker/","RepeatMasker,UCSC"
"3.15","UCSC RepeatMasker annotations (Sep2020) for Marmoset -Callithrix jacchus- (calJac4)","calJac4","https://functionalgenomics.upf.edu/annotationhub/repeatmasker/calJac4/rmsk.calJac4.Sep2020.rds","UCSC track","Sep2020","Callithrix jacchus",9483,"UCSC RepeatMasker annotations (Sep2020) for Marmoset (calJac4)","UCSC RepeatMasker annotations (Sep2020) for Marmoset (calJac4)","calJac4/rmsk.calJac4.Sep2020.rds",TRUE,"UCSC","Robert Castelo <robert.castelo@upf.edu>","GRanges","RDS","https://functionalgenomics.upf.edu/annotationhub/repeatmasker/","RepeatMasker,UCSC"
"3.15","UCSC RepeatMasker annotations (May2014) for Elephant shark -Callorhinchus milii- (calMil1)","calMil1","https://functionalgenomics.upf.edu/annotationhub/repeatmasker/calMil1/rmsk.calMil1.May2014.rds","UCSC track","May2014","Callorhinchus milii",7868,"UCSC RepeatMasker annotations (May2014) for Elephant shark (calMil1)","UCSC RepeatMasker annotations (May2014) for Elephant shark (calMil1)","calMil1/rmsk.calMil1.May2014.rds",TRUE,"UCSC","Robert Castelo <robert.castelo@upf.edu>","GRanges","RDS","https://functionalgenomics.upf.edu/annotationhub/repeatmasker/","RepeatMasker,UCSC"
"3.15","UCSC RepeatMasker annotations (May2021) for Dog -Canis lupus familiaris- (canFam6)","canFam6","https://functionalgenomics.upf.edu/annotationhub/repeatmasker/canFam6/rmsk.canFam6.May2021.rds","UCSC track","May2021","Canis lupus familiaris",9615,"UCSC RepeatMasker annotations (May2021) for Dog (canFam6)","UCSC RepeatMasker annotations (May2021) for Dog (canFam6)","canFam6/rmsk.canFam6.May2021.rds",TRUE,"UCSC","Robert Castelo <robert.castelo@upf.edu>","GRanges","RDS","https://functionalgenomics.upf.edu/annotationhub/repeatmasker/","RepeatMasker,UCSC"
"3.15","UCSC RepeatMasker annotations (Jun2008) for Guinea pig -Cavia porcellus- (cavPor3)","cavPor3","https://functionalgenomics.upf.edu/annotationhub/repeatmasker/cavPor3/rmsk.cavPor3.Jun2008.rds","UCSC track","Jun2008","Cavia porcellus",10141,"UCSC RepeatMasker annotations (Jun2008) for Guinea pig (cavPor3)","UCSC RepeatMasker annotations (Jun2008) for Guinea pig (cavPor3)","cavPor3/rmsk.cavPor3.Jun2008.rds",TRUE,"UCSC","Robert Castelo <robert.castelo@upf.edu>","GRanges","RDS","https://functionalgenomics.upf.edu/annotationhub/repeatmasker/","RepeatMasker,UCSC"
"3.15","UCSC RepeatMasker annotations (Mar2016) for C. elegans -Caenorhabditis elegans- (ce11)","ce11","https://functionalgenomics.upf.edu/annotationhub/repeatmasker/ce11/rmsk.ce11.Mar2016.rds","UCSC track","Mar2016","Caenorhabditis elegans",6239,"UCSC RepeatMasker annotations (Mar2016) for C. elegans (ce11)","UCSC RepeatMasker annotations (Mar2016) for C. elegans (ce11)","ce11/rmsk.ce11.Mar2016.rds",TRUE,"UCSC","Robert Castelo <robert.castelo@upf.edu>","GRanges","RDS","https://functionalgenomics.upf.edu/annotationhub/repeatmasker/","RepeatMasker,UCSC"
"3.15","UCSC RepeatMasker annotations (Jan2013) for White rhinoceros -Ceratotherium simum- (cerSim1)","cerSim1","https://functionalgenomics.upf.edu/annotationhub/repeatmasker/cerSim1/rmsk.cerSim1.Jan2013.rds","UCSC track","Jan2013","Ceratotherium simum",NA,"UCSC RepeatMasker annotations (Jan2013) for White rhinoceros (cerSim1)","UCSC RepeatMasker annotations (Jan2013) for White rhinoceros (cerSim1)","cerSim1/rmsk.cerSim1.Jan2013.rds",TRUE,"UCSC","Robert Castelo <robert.castelo@upf.edu>","GRanges","RDS","https://functionalgenomics.upf.edu/annotationhub/repeatmasker/","RepeatMasker,UCSC"
"3.15","UCSC RepeatMasker annotations (Oct2016) for Green monkey -Chlorocebus sabaeus- (chlSab2)","chlSab2","https://functionalgenomics.upf.edu/annotationhub/repeatmasker/chlSab2/rmsk.chlSab2.Oct2016.rds","UCSC track","Oct2016","Chlorocebus sabaeus",60711,"UCSC RepeatMasker annotations (Oct2016) for Green monkey (chlSab2)","UCSC RepeatMasker annotations (Oct2016) for Green monkey (chlSab2)","chlSab2/rmsk.chlSab2.Oct2016.rds",TRUE,"UCSC","Robert Castelo <robert.castelo@upf.edu>","GRanges","RDS","https://functionalgenomics.upf.edu/annotationhub/repeatmasker/","RepeatMasker,UCSC"
"3.15","UCSC RepeatMasker annotations (Nov2012) for Sloth -Choloepus hoffmanni- (choHof1)","choHof1","https://functionalgenomics.upf.edu/annotationhub/repeatmasker/choHof1/rmsk.choHof1.Nov2012.rds","UCSC track","Nov2012","Choloepus hoffmanni",9358,"UCSC RepeatMasker annotations (Nov2012) for Sloth (choHof1)","UCSC RepeatMasker annotations (Nov2012) for Sloth (choHof1)","choHof1/rmsk.choHof1.Nov2012.rds",TRUE,"UCSC","Robert Castelo <robert.castelo@upf.edu>","GRanges","RDS","https://functionalgenomics.upf.edu/annotationhub/repeatmasker/","RepeatMasker,UCSC"
"3.15","UCSC RepeatMasker annotations (Jun2012) for Painted turtle -Chrysemys picta bellii- (chrPic1)","chrPic1","https://functionalgenomics.upf.edu/annotationhub/repeatmasker/chrPic1/rmsk.chrPic1.Jun2012.rds","UCSC track","Jun2012","Chrysemys picta bellii",8478,"UCSC RepeatMasker annotations (Jun2012) for Painted turtle (chrPic1)","UCSC RepeatMasker annotations (Jun2012) for Painted turtle (chrPic1)","chrPic1/rmsk.chrPic1.Jun2012.rds",TRUE,"UCSC","Robert Castelo <robert.castelo@upf.edu>","GRanges","RDS","https://functionalgenomics.upf.edu/annotationhub/repeatmasker/","RepeatMasker,UCSC"
"3.15","UCSC RepeatMasker annotations (Jul2017) for C. intestinalis -Ciona intestinalis- (ci3)","ci3","https://functionalgenomics.upf.edu/annotationhub/repeatmasker/ci3/rmsk.ci3.Jul2017.rds","UCSC track","Jul2017","Ciona intestinalis",7719,"UCSC RepeatMasker annotations (Jul2017) for C. intestinalis (ci3)","UCSC RepeatMasker annotations (Jul2017) for C. intestinalis (ci3)","ci3/rmsk.ci3.Jul2017.rds",TRUE,"UCSC","Robert Castelo <robert.castelo@upf.edu>","GRanges","RDS","https://functionalgenomics.upf.edu/annotationhub/repeatmasker/","RepeatMasker,UCSC"
"3.15","UCSC RepeatMasker annotations (Jun2019) for Chinese hamster -Cricetulus griseus- (criGriChoV2)","criGriChoV2","https://functionalgenomics.upf.edu/annotationhub/repeatmasker/criGriChoV2/rmsk.criGriChoV2.Jun2019.rds","UCSC track","Jun2019","Cricetulus griseus",10029,"UCSC RepeatMasker annotations (Jun2019) for Chinese hamster (criGriChoV2)","UCSC RepeatMasker annotations (Jun2019) for Chinese hamster (criGriChoV2)","criGriChoV2/rmsk.criGriChoV2.Jun2019.rds",TRUE,"UCSC","Robert Castelo <robert.castelo@upf.edu>","GRanges","RDS","https://functionalgenomics.upf.edu/annotationhub/repeatmasker/","RepeatMasker,UCSC"
"3.15","UCSC RepeatMasker annotations (Nov2017) for Zebrafish -Danio rerio- (danRer11)","danRer11","https://functionalgenomics.upf.edu/annotationhub/repeatmasker/danRer11/rmsk.danRer11.Nov2017.rds","UCSC track","Nov2017","Danio rerio",7955,"UCSC RepeatMasker annotations (Nov2017) for Zebrafish (danRer11)","UCSC RepeatMasker annotations (Nov2017) for Zebrafish (danRer11)","danRer11/rmsk.danRer11.Nov2017.rds",TRUE,"UCSC","Robert Castelo <robert.castelo@upf.edu>","GRanges","RDS","https://functionalgenomics.upf.edu/annotationhub/repeatmasker/","RepeatMasker,UCSC"
"3.15","UCSC RepeatMasker annotations (Nov2012) for Armadillo -Dasypus novemcinctus- (dasNov3)","dasNov3","https://functionalgenomics.upf.edu/annotationhub/repeatmasker/dasNov3/rmsk.dasNov3.Nov2012.rds","UCSC track","Nov2012","Dasypus novemcinctus",9361,"UCSC RepeatMasker annotations (Nov2012) for Armadillo (dasNov3)","UCSC RepeatMasker annotations (Nov2012) for Armadillo (dasNov3)","dasNov3/rmsk.dasNov3.Nov2012.rds",TRUE,"UCSC","Robert Castelo <robert.castelo@upf.edu>","GRanges","RDS","https://functionalgenomics.upf.edu/annotationhub/repeatmasker/","RepeatMasker,UCSC"
"3.15","UCSC RepeatMasker annotations (Nov2012) for Kangaroo rat -Dipodomys ordii- (dipOrd1)","dipOrd1","https://functionalgenomics.upf.edu/annotationhub/repeatmasker/dipOrd1/rmsk.dipOrd1.Nov2012.rds","UCSC track","Nov2012","Dipodomys ordii",10020,"UCSC RepeatMasker annotations (Nov2012) for Kangaroo rat (dipOrd1)","UCSC RepeatMasker annotations (Nov2012) for Kangaroo rat (dipOrd1)","dipOrd1/rmsk.dipOrd1.Nov2012.rds",TRUE,"UCSC","Robert Castelo <robert.castelo@upf.edu>","GRanges","RDS","https://functionalgenomics.upf.edu/annotationhub/repeatmasker/","RepeatMasker,UCSC"
"3.15","UCSC RepeatMasker annotations (Dec2014) for D. melanogaster -Drosophila melanogaster- (dm6)","dm6","https://functionalgenomics.upf.edu/annotationhub/repeatmasker/dm6/rmsk.dm6.Dec2014.rds","UCSC track","Dec2014","Drosophila melanogaster",7227,"UCSC RepeatMasker annotations (Dec2014) for D. melanogaster (dm6)","UCSC RepeatMasker annotations (Dec2014) for D. melanogaster (dm6)","dm6/rmsk.dm6.Dec2014.rds",TRUE,"UCSC","Robert Castelo <robert.castelo@upf.edu>","GRanges","RDS","https://functionalgenomics.upf.edu/annotationhub/repeatmasker/","RepeatMasker,UCSC"
"3.15","UCSC RepeatMasker annotations (Oct2005) for D. ananassae -Drosophila ananassae- (droAna2)","droAna2","https://functionalgenomics.upf.edu/annotationhub/repeatmasker/droAna2/rmsk.droAna2.Oct2005.rds","UCSC track","Oct2005","Drosophila ananassae",7217,"UCSC RepeatMasker annotations (Oct2005) for D. ananassae (droAna2)","UCSC RepeatMasker annotations (Oct2005) for D. ananassae (droAna2)","droAna2/rmsk.droAna2.Oct2005.rds",TRUE,"UCSC","Robert Castelo <robert.castelo@upf.edu>","GRanges","RDS","https://functionalgenomics.upf.edu/annotationhub/repeatmasker/","RepeatMasker,UCSC"
"3.15","UCSC RepeatMasker annotations (Sep2005) for D. erecta -Drosophila erecta- (droEre1)","droEre1","https://functionalgenomics.upf.edu/annotationhub/repeatmasker/droEre1/rmsk.droEre1.Sep2005.rds","UCSC track","Sep2005","Drosophila erecta",7220,"UCSC RepeatMasker annotations (Sep2005) for D. erecta (droEre1)","UCSC RepeatMasker annotations (Sep2005) for D. erecta (droEre1)","droEre1/rmsk.droEre1.Sep2005.rds",TRUE,"UCSC","Robert Castelo <robert.castelo@upf.edu>","GRanges","RDS","https://functionalgenomics.upf.edu/annotationhub/repeatmasker/","RepeatMasker,UCSC"
"3.15","UCSC RepeatMasker annotations (Oct2005) for D. grimshawi -Drosophila grimshawi- (droGri1)","droGri1","https://functionalgenomics.upf.edu/annotationhub/repeatmasker/droGri1/rmsk.droGri1.Oct2005.rds","UCSC track","Oct2005","Drosophila grimshawi",7222,"UCSC RepeatMasker annotations (Oct2005) for D. grimshawi (droGri1)","UCSC RepeatMasker annotations (Oct2005) for D. grimshawi (droGri1)","droGri1/rmsk.droGri1.Oct2005.rds",TRUE,"UCSC","Robert Castelo <robert.castelo@upf.edu>","GRanges","RDS","https://functionalgenomics.upf.edu/annotationhub/repeatmasker/","RepeatMasker,UCSC"
"3.15","UCSC RepeatMasker annotations (Sep2005) for D. mojavensis -Drosophila mojavensis- (droMoj2)","droMoj2","https://functionalgenomics.upf.edu/annotationhub/repeatmasker/droMoj2/rmsk.droMoj2.Sep2005.rds","UCSC track","Sep2005","Drosophila mojavensis",7230,"UCSC RepeatMasker annotations (Sep2005) for D. mojavensis (droMoj2)","UCSC RepeatMasker annotations (Sep2005) for D. mojavensis (droMoj2)","droMoj2/rmsk.droMoj2.Sep2005.rds",TRUE,"UCSC","Robert Castelo <robert.castelo@upf.edu>","GRanges","RDS","https://functionalgenomics.upf.edu/annotationhub/repeatmasker/","RepeatMasker,UCSC"
"3.15","UCSC RepeatMasker annotations (Jan2006) for D. persimilis -Drosophila persimilis- (droPer1)","droPer1","https://functionalgenomics.upf.edu/annotationhub/repeatmasker/droPer1/rmsk.droPer1.Jan2006.rds","UCSC track","Jan2006","Drosophila persimilis",7234,"UCSC RepeatMasker annotations (Jan2006) for D. persimilis (droPer1)","UCSC RepeatMasker annotations (Jan2006) for D. persimilis (droPer1)","droPer1/rmsk.droPer1.Jan2006.rds",TRUE,"UCSC","Robert Castelo <robert.castelo@upf.edu>","GRanges","RDS","https://functionalgenomics.upf.edu/annotationhub/repeatmasker/","RepeatMasker,UCSC"
"3.15","UCSC RepeatMasker annotations (Jan2006) for D. sechellia -Drosophila sechellia- (droSec1)","droSec1","https://functionalgenomics.upf.edu/annotationhub/repeatmasker/droSec1/rmsk.droSec1.Jan2006.rds","UCSC track","Jan2006","Drosophila sechellia",7238,"UCSC RepeatMasker annotations (Jan2006) for D. sechellia (droSec1)","UCSC RepeatMasker annotations (Jan2006) for D. sechellia (droSec1)","droSec1/rmsk.droSec1.Jan2006.rds",TRUE,"UCSC","Robert Castelo <robert.castelo@upf.edu>","GRanges","RDS","https://functionalgenomics.upf.edu/annotationhub/repeatmasker/","RepeatMasker,UCSC"
"3.15","UCSC RepeatMasker annotations (Sep2005) for D. virilis -Drosophila virilis- (droVir2)","droVir2","https://functionalgenomics.upf.edu/annotationhub/repeatmasker/droVir2/rmsk.droVir2.Sep2005.rds","UCSC track","Sep2005","Drosophila virilis",7244,"UCSC RepeatMasker annotations (Sep2005) for D. virilis (droVir2)","UCSC RepeatMasker annotations (Sep2005) for D. virilis (droVir2)","droVir2/rmsk.droVir2.Sep2005.rds",TRUE,"UCSC","Robert Castelo <robert.castelo@upf.edu>","GRanges","RDS","https://functionalgenomics.upf.edu/annotationhub/repeatmasker/","RepeatMasker,UCSC"
"3.15","UCSC RepeatMasker annotations (Aug2013) for Tenrec -Echinops telfairi- (echTel2)","echTel2","https://functionalgenomics.upf.edu/annotationhub/repeatmasker/echTel2/rmsk.echTel2.Aug2013.rds","UCSC track","Aug2013","Echinops telfairi",9371,"UCSC RepeatMasker annotations (Aug2013) for Tenrec (echTel2)","UCSC RepeatMasker annotations (Aug2013) for Tenrec (echTel2)","echTel2/rmsk.echTel2.Aug2013.rds",TRUE,"UCSC","Robert Castelo <robert.castelo@upf.edu>","GRanges","RDS","https://functionalgenomics.upf.edu/annotationhub/repeatmasker/","RepeatMasker,UCSC"
"3.15","UCSC RepeatMasker annotations (Jul2019) for Horse -Equus caballus- (equCab3)","equCab3","https://functionalgenomics.upf.edu/annotationhub/repeatmasker/equCab3/rmsk.equCab3.Jul2019.rds","UCSC track","Jul2019","Equus caballus",9796,"UCSC RepeatMasker annotations (Jul2019) for Horse (equCab3)","UCSC RepeatMasker annotations (Jul2019) for Horse (equCab3)","equCab3/rmsk.equCab3.Jul2019.rds",TRUE,"UCSC","Robert Castelo <robert.castelo@upf.edu>","GRanges","RDS","https://functionalgenomics.upf.edu/annotationhub/repeatmasker/","RepeatMasker,UCSC"
"3.15","UCSC RepeatMasker annotations (May2014) for Hedgehog -Erinaceus europaeus- (eriEur2)","eriEur2","https://functionalgenomics.upf.edu/annotationhub/repeatmasker/eriEur2/rmsk.eriEur2.May2014.rds","UCSC track","May2014","Erinaceus europaeus",9365,"UCSC RepeatMasker annotations (May2014) for Hedgehog (eriEur2)","UCSC RepeatMasker annotations (May2014) for Hedgehog (eriEur2)","eriEur2/rmsk.eriEur2.May2014.rds",TRUE,"UCSC","Robert Castelo <robert.castelo@upf.edu>","GRanges","RDS","https://functionalgenomics.upf.edu/annotationhub/repeatmasker/","RepeatMasker,UCSC"
"3.15","UCSC RepeatMasker annotations (May2019) for Cat -Felis catus- (felCat9)","felCat9","https://functionalgenomics.upf.edu/annotationhub/repeatmasker/felCat9/rmsk.felCat9.May2019.rds","UCSC track","May2019","Felis catus",9685,"UCSC RepeatMasker annotations (May2019) for Cat (felCat9)","UCSC RepeatMasker annotations (May2019) for Cat (felCat9)","felCat9/rmsk.felCat9.May2019.rds",TRUE,"UCSC","Robert Castelo <robert.castelo@upf.edu>","GRanges","RDS","https://functionalgenomics.upf.edu/annotationhub/repeatmasker/","RepeatMasker,UCSC"
"3.15","UCSC RepeatMasker annotations (May2012) for Fugu -Takifugu rubripes- (fr3)","fr3","https://functionalgenomics.upf.edu/annotationhub/repeatmasker/fr3/rmsk.fr3.May2012.rds","UCSC track","May2012","Takifugu rubripes",31033,"UCSC RepeatMasker annotations (May2012) for Fugu (fr3)","UCSC RepeatMasker annotations (May2012) for Fugu (fr3)","fr3/rmsk.fr3.May2012.rds",TRUE,"UCSC","Robert Castelo <robert.castelo@upf.edu>","GRanges","RDS","https://functionalgenomics.upf.edu/annotationhub/repeatmasker/","RepeatMasker,UCSC"
"3.15","UCSC RepeatMasker annotations (Nov2012) for Atlantic cod -Gadus morhua- (gadMor1)","gadMor1","https://functionalgenomics.upf.edu/annotationhub/repeatmasker/gadMor1/rmsk.gadMor1.Nov2012.rds","UCSC track","Nov2012","Gadus morhua",8049,"UCSC RepeatMasker annotations (Nov2012) for Atlantic cod (gadMor1)","UCSC RepeatMasker annotations (Nov2012) for Atlantic cod (gadMor1)","gadMor1/rmsk.gadMor1.Nov2012.rds",TRUE,"UCSC","Robert Castelo <robert.castelo@upf.edu>","GRanges","RDS","https://functionalgenomics.upf.edu/annotationhub/repeatmasker/","RepeatMasker,UCSC"
"3.15","UCSC RepeatMasker annotations (Nov2018) for Chicken -Gallus gallus- (galGal6)","galGal6","https://functionalgenomics.upf.edu/annotationhub/repeatmasker/galGal6/rmsk.galGal6.Nov2018.rds","UCSC track","Nov2018","Gallus gallus",9031,"UCSC RepeatMasker annotations (Nov2018) for Chicken (galGal6)","UCSC RepeatMasker annotations (Nov2018) for Chicken (galGal6)","galGal6/rmsk.galGal6.Nov2018.rds",TRUE,"UCSC","Robert Castelo <robert.castelo@upf.edu>","GRanges","RDS","https://functionalgenomics.upf.edu/annotationhub/repeatmasker/","RepeatMasker,UCSC"
"3.15","UCSC RepeatMasker annotations (Aug2016) for Malayan flying lemur -Galeopterus variegatus- (galVar1)","galVar1","https://functionalgenomics.upf.edu/annotationhub/repeatmasker/galVar1/rmsk.galVar1.Aug2016.rds","UCSC track","Aug2016","Galeopterus variegatus",482537,"UCSC RepeatMasker annotations (Aug2016) for Malayan flying lemur (galVar1)","UCSC RepeatMasker annotations (Aug2016) for Malayan flying lemur (galVar1)","galVar1/rmsk.galVar1.Aug2016.rds",TRUE,"UCSC","Robert Castelo <robert.castelo@upf.edu>","GRanges","RDS","https://functionalgenomics.upf.edu/annotationhub/repeatmasker/","RepeatMasker,UCSC"
"3.15","UCSC RepeatMasker annotations (Aug2012) for Medium ground finch -Geospiza fortis- (geoFor1)","geoFor1","https://functionalgenomics.upf.edu/annotationhub/repeatmasker/geoFor1/rmsk.geoFor1.Aug2012.rds","UCSC track","Aug2012","Geospiza fortis",48883,"UCSC RepeatMasker annotations (Aug2012) for Medium ground finch (geoFor1)","UCSC RepeatMasker annotations (Aug2012) for Medium ground finch (geoFor1)","geoFor1/rmsk.geoFor1.Aug2012.rds",TRUE,"UCSC","Robert Castelo <robert.castelo@upf.edu>","GRanges","RDS","https://functionalgenomics.upf.edu/annotationhub/repeatmasker/","RepeatMasker,UCSC"
"3.15","UCSC RepeatMasker annotations (Nov2019) for Gorilla -Gorilla gorilla gorilla- (gorGor6)","gorGor6","https://functionalgenomics.upf.edu/annotationhub/repeatmasker/gorGor6/rmsk.gorGor6.Nov2019.rds","UCSC track","Nov2019","Gorilla gorilla gorilla",9595,"UCSC RepeatMasker annotations (Nov2019) for Gorilla (gorGor6)","UCSC RepeatMasker annotations (Nov2019) for Gorilla (gorGor6)","gorGor6/rmsk.gorGor6.Nov2019.rds",TRUE,"UCSC","Robert Castelo <robert.castelo@upf.edu>","GRanges","RDS","https://functionalgenomics.upf.edu/annotationhub/repeatmasker/","RepeatMasker,UCSC"
"3.15","UCSC RepeatMasker annotations (Nov2012) for Naked mole-rat -Heterocephalus glaber- (hetGla2)","hetGla2","https://functionalgenomics.upf.edu/annotationhub/repeatmasker/hetGla2/rmsk.hetGla2.Nov2012.rds","UCSC track","Nov2012","Heterocephalus glaber",10181,"UCSC RepeatMasker annotations (Nov2012) for Naked mole-rat (hetGla2)","UCSC RepeatMasker annotations (Nov2012) for Naked mole-rat (hetGla2)","hetGla2/rmsk.hetGla2.Nov2012.rds",TRUE,"UCSC","Robert Castelo <robert.castelo@upf.edu>","GRanges","RDS","https://functionalgenomics.upf.edu/annotationhub/repeatmasker/","RepeatMasker,UCSC"
"3.15","UCSC RepeatMasker annotations (Mar2020) for Human -Homo sapiens- (hg19)","hg19","https://functionalgenomics.upf.edu/annotationhub/repeatmasker/hg19/rmsk.hg19.Mar2020.rds","UCSC track","Mar2020","Homo sapiens",9606,"UCSC RepeatMasker annotations (Mar2020) for Human (hg19)","UCSC RepeatMasker annotations (Mar2020) for Human (hg19)","hg19/rmsk.hg19.Mar2020.rds",TRUE,"UCSC","Robert Castelo <robert.castelo@upf.edu>","GRanges","RDS","https://functionalgenomics.upf.edu/annotationhub/repeatmasker/","RepeatMasker,UCSC"
"3.15","UCSC RepeatMasker annotations (Sep2021) for Human -Homo sapiens- (hg38)","hg38","https://functionalgenomics.upf.edu/annotationhub/repeatmasker/hg38/rmsk.hg38.Sep2021.rds","UCSC track","Sep2021","Homo sapiens",9606,"UCSC RepeatMasker annotations (Sep2021) for Human (hg38)","UCSC RepeatMasker annotations (Sep2021) for Human (hg38)","hg38/rmsk.hg38.Sep2021.rds",TRUE,"UCSC","Robert Castelo <robert.castelo@upf.edu>","GRanges","RDS","https://functionalgenomics.upf.edu/annotationhub/repeatmasker/","RepeatMasker,UCSC"
"3.15","UCSC RepeatMasker annotations (Nov2012) for Coelacanth -Latimeria chalumnae- (latCha1)","latCha1","https://functionalgenomics.upf.edu/annotationhub/repeatmasker/latCha1/rmsk.latCha1.Nov2012.rds","UCSC track","Nov2012","Latimeria chalumnae",7897,"UCSC RepeatMasker annotations (Nov2012) for Coelacanth (latCha1)","UCSC RepeatMasker annotations (Nov2012) for Coelacanth (latCha1)","latCha1/rmsk.latCha1.Nov2012.rds",TRUE,"UCSC","Robert Castelo <robert.castelo@upf.edu>","GRanges","RDS","https://functionalgenomics.upf.edu/annotationhub/repeatmasker/","RepeatMasker,UCSC"
"3.15","UCSC RepeatMasker annotations (Mar2010) for Elephant -Loxodonta africana- (loxAfr3)","loxAfr3","https://functionalgenomics.upf.edu/annotationhub/repeatmasker/loxAfr3/rmsk.loxAfr3.Mar2010.rds","UCSC track","Mar2010","Loxodonta africana",9785,"UCSC RepeatMasker annotations (Mar2010) for Elephant (loxAfr3)","UCSC RepeatMasker annotations (Mar2010) for Elephant (loxAfr3)","loxAfr3/rmsk.loxAfr3.Mar2010.rds",TRUE,"UCSC","Robert Castelo <robert.castelo@upf.edu>","GRanges","RDS","https://functionalgenomics.upf.edu/annotationhub/repeatmasker/","RepeatMasker,UCSC"
"3.15","UCSC RepeatMasker annotations (Jan2012) for Wallaby -Macropus eugenii- (macEug2)","macEug2","https://functionalgenomics.upf.edu/annotationhub/repeatmasker/macEug2/rmsk.macEug2.Jan2012.rds","UCSC track","Jan2012","Macropus eugenii",9315,"UCSC RepeatMasker annotations (Jan2012) for Wallaby (macEug2)","UCSC RepeatMasker annotations (Jan2012) for Wallaby (macEug2)","macEug2/rmsk.macEug2.Jan2012.rds",TRUE,"UCSC","Robert Castelo <robert.castelo@upf.edu>","GRanges","RDS","https://functionalgenomics.upf.edu/annotationhub/repeatmasker/","RepeatMasker,UCSC"
"3.15","UCSC RepeatMasker annotations (Apr2016) for Crab-eating macaque -Macaca fascicularis- (macFas5)","macFas5","https://functionalgenomics.upf.edu/annotationhub/repeatmasker/macFas5/rmsk.macFas5.Apr2016.rds","UCSC track","Apr2016","Macaca fascicularis",9541,"UCSC RepeatMasker annotations (Apr2016) for Crab-eating macaque (macFas5)","UCSC RepeatMasker annotations (Apr2016) for Crab-eating macaque (macFas5)","macFas5/rmsk.macFas5.Apr2016.rds",TRUE,"UCSC","Robert Castelo <robert.castelo@upf.edu>","GRanges","RDS","https://functionalgenomics.upf.edu/annotationhub/repeatmasker/","RepeatMasker,UCSC"
"3.15","UCSC RepeatMasker annotations (Apr2017) for Chinese pangolin -Manis pentadactyla- (manPen1)","manPen1","https://functionalgenomics.upf.edu/annotationhub/repeatmasker/manPen1/rmsk.manPen1.Apr2017.rds","UCSC track","Apr2017","Manis pentadactyla",143292,"UCSC RepeatMasker annotations (Apr2017) for Chinese pangolin (manPen1)","UCSC RepeatMasker annotations (Apr2017) for Chinese pangolin (manPen1)","manPen1/rmsk.manPen1.Apr2017.rds",TRUE,"UCSC","Robert Castelo <robert.castelo@upf.edu>","GRanges","RDS","https://functionalgenomics.upf.edu/annotationhub/repeatmasker/","RepeatMasker,UCSC"
"3.15","UCSC RepeatMasker annotations (Mar2017) for Turkey -Meleagris gallopavo- (melGal5)","melGal5","https://functionalgenomics.upf.edu/annotationhub/repeatmasker/melGal5/rmsk.melGal5.Mar2017.rds","UCSC track","Mar2017","Meleagris gallopavo",9103,"UCSC RepeatMasker annotations (Mar2017) for Turkey (melGal5)","UCSC RepeatMasker annotations (Mar2017) for Turkey (melGal5)","melGal5/rmsk.melGal5.Mar2017.rds",TRUE,"UCSC","Robert Castelo <robert.castelo@upf.edu>","GRanges","RDS","https://functionalgenomics.upf.edu/annotationhub/repeatmasker/","RepeatMasker,UCSC"
"3.15","UCSC RepeatMasker annotations (Nov2012) for Budgerigar -Melopsittacus undulatus- (melUnd1)","melUnd1","https://functionalgenomics.upf.edu/annotationhub/repeatmasker/melUnd1/rmsk.melUnd1.Nov2012.rds","UCSC track","Nov2012","Melopsittacus undulatus",13146,"UCSC RepeatMasker annotations (Nov2012) for Budgerigar (melUnd1)","UCSC RepeatMasker annotations (Nov2012) for Budgerigar (melUnd1)","melUnd1/rmsk.melUnd1.Nov2012.rds",TRUE,"UCSC","Robert Castelo <robert.castelo@upf.edu>","GRanges","RDS","https://functionalgenomics.upf.edu/annotationhub/repeatmasker/","RepeatMasker,UCSC"
"3.15","UCSC RepeatMasker annotations (Feb2016) for Mouse lemur -Microcebus murinus- (micMur2)","micMur2","https://functionalgenomics.upf.edu/annotationhub/repeatmasker/micMur2/rmsk.micMur2.Feb2016.rds","UCSC track","Feb2016","Microcebus murinus",30608,"UCSC RepeatMasker annotations (Feb2016) for Mouse lemur (micMur2)","UCSC RepeatMasker annotations (Feb2016) for Mouse lemur (micMur2)","micMur2/rmsk.micMur2.Feb2016.rds",TRUE,"UCSC","Robert Castelo <robert.castelo@upf.edu>","GRanges","RDS","https://functionalgenomics.upf.edu/annotationhub/repeatmasker/","RepeatMasker,UCSC"
"3.15","UCSC RepeatMasker annotations (Apr2021) for Mouse -Mus musculus- (mm10)","mm10","https://functionalgenomics.upf.edu/annotationhub/repeatmasker/mm10/rmsk.mm10.Apr2021.rds","UCSC track","Apr2021","Mus musculus",10090,"UCSC RepeatMasker annotations (Apr2021) for Mouse (mm10)","UCSC RepeatMasker annotations (Apr2021) for Mouse (mm10)","mm10/rmsk.mm10.Apr2021.rds",TRUE,"UCSC","Robert Castelo <robert.castelo@upf.edu>","GRanges","RDS","https://functionalgenomics.upf.edu/annotationhub/repeatmasker/","RepeatMasker,UCSC"
"3.15","UCSC RepeatMasker annotations (Jul2020) for Mouse -Mus musculus- (mm39)","mm39","https://functionalgenomics.upf.edu/annotationhub/repeatmasker/mm39/rmsk.mm39.Jul2020.rds","UCSC track","Jul2020","Mus musculus",10090,"UCSC RepeatMasker annotations (Jul2020) for Mouse (mm39)","UCSC RepeatMasker annotations (Jul2020) for Mouse (mm39)","mm39/rmsk.mm39.Jul2020.rds",TRUE,"UCSC","Robert Castelo <robert.castelo@upf.edu>","GRanges","RDS","https://functionalgenomics.upf.edu/annotationhub/repeatmasker/","RepeatMasker,UCSC"
"3.15","UCSC RepeatMasker annotations (Jul2009) for Opossum -Monodelphis domestica- (monDom5)","monDom5","https://functionalgenomics.upf.edu/annotationhub/repeatmasker/monDom5/rmsk.monDom5.Jul2009.rds","UCSC track","Jul2009","Monodelphis domestica",13616,"UCSC RepeatMasker annotations (Jul2009) for Opossum (monDom5)","UCSC RepeatMasker annotations (Jul2009) for Opossum (monDom5)","monDom5/rmsk.monDom5.Jul2009.rds",TRUE,"UCSC","Robert Castelo <robert.castelo@upf.edu>","GRanges","RDS","https://functionalgenomics.upf.edu/annotationhub/repeatmasker/","RepeatMasker,UCSC"
"3.15","UCSC RepeatMasker annotations (Jun2013) for Ferret  -Mustela putorius furo- (musFur1)","musFur1","https://functionalgenomics.upf.edu/annotationhub/repeatmasker/musFur1/rmsk.musFur1.Jun2013.rds","UCSC track","Jun2013","Mustela putorius furo",9669,"UCSC RepeatMasker annotations (Jun2013) for Ferret  (musFur1)","UCSC RepeatMasker annotations (Jun2013) for Ferret  (musFur1)","musFur1/rmsk.musFur1.Jun2013.rds",TRUE,"UCSC","Robert Castelo <robert.castelo@upf.edu>","GRanges","RDS","https://functionalgenomics.upf.edu/annotationhub/repeatmasker/","RepeatMasker,UCSC"
"3.15","UCSC RepeatMasker annotations (Apr2017) for Tibetan frog -Nanorana parkeri- (nanPar1)","nanPar1","https://functionalgenomics.upf.edu/annotationhub/repeatmasker/nanPar1/rmsk.nanPar1.Apr2017.rds","UCSC track","Apr2017","Nanorana parkeri",125878,"UCSC RepeatMasker annotations (Apr2017) for Tibetan frog (nanPar1)","UCSC RepeatMasker annotations (Apr2017) for Tibetan frog (nanPar1)","nanPar1/rmsk.nanPar1.Apr2017.rds",TRUE,"UCSC","Robert Castelo <robert.castelo@upf.edu>","GRanges","RDS","https://functionalgenomics.upf.edu/annotationhub/repeatmasker/","RepeatMasker,UCSC"
"3.15","UCSC RepeatMasker annotations (Mar2017) for Proboscis monkey -Nasalis larvatus- (nasLar1)","nasLar1","https://functionalgenomics.upf.edu/annotationhub/repeatmasker/nasLar1/rmsk.nasLar1.Mar2017.rds","UCSC track","Mar2017","Nasalis larvatus",43780,"UCSC RepeatMasker annotations (Mar2017) for Proboscis monkey (nasLar1)","UCSC RepeatMasker annotations (Mar2017) for Proboscis monkey (nasLar1)","nasLar1/rmsk.nasLar1.Mar2017.rds",TRUE,"UCSC","Robert Castelo <robert.castelo@upf.edu>","GRanges","RDS","https://functionalgenomics.upf.edu/annotationhub/repeatmasker/","RepeatMasker,UCSC"
"3.15","UCSC RepeatMasker annotations (Sep2017) for Hawaiian monk seal -Neomonachus schauinslandi- (neoSch1)","neoSch1","https://functionalgenomics.upf.edu/annotationhub/repeatmasker/neoSch1/rmsk.neoSch1.Sep2017.rds","UCSC track","Sep2017","Neomonachus schauinslandi",NA,"UCSC RepeatMasker annotations (Sep2017) for Hawaiian monk seal (neoSch1)","UCSC RepeatMasker annotations (Sep2017) for Hawaiian monk seal (neoSch1)","neoSch1/rmsk.neoSch1.Sep2017.rds",TRUE,"UCSC","Robert Castelo <robert.castelo@upf.edu>","GRanges","RDS","https://functionalgenomics.upf.edu/annotationhub/repeatmasker/","RepeatMasker,UCSC"
"3.15","UCSC RepeatMasker annotations (May2013) for Gibbon -Nomascus leucogenys- (nomLeu3)","nomLeu3","https://functionalgenomics.upf.edu/annotationhub/repeatmasker/nomLeu3/rmsk.nomLeu3.May2013.rds","UCSC track","May2013","Nomascus leucogenys",61853,"UCSC RepeatMasker annotations (May2013) for Gibbon (nomLeu3)","UCSC RepeatMasker annotations (May2013) for Gibbon (nomLeu3)","nomLeu3/rmsk.nomLeu3.May2013.rds",TRUE,"UCSC","Robert Castelo <robert.castelo@upf.edu>","GRanges","RDS","https://functionalgenomics.upf.edu/annotationhub/repeatmasker/","RepeatMasker,UCSC"
"3.15","UCSC RepeatMasker annotations (Jul2014) for Pika -Ochotona princeps- (ochPri3)","ochPri3","https://functionalgenomics.upf.edu/annotationhub/repeatmasker/ochPri3/rmsk.ochPri3.Jul2014.rds","UCSC track","Jul2014","Ochotona princeps",9978,"UCSC RepeatMasker annotations (Jul2014) for Pika (ochPri3)","UCSC RepeatMasker annotations (Jul2014) for Pika (ochPri3)","ochPri3/rmsk.ochPri3.Jul2014.rds",TRUE,"UCSC","Robert Castelo <robert.castelo@upf.edu>","GRanges","RDS","https://functionalgenomics.upf.edu/annotationhub/repeatmasker/","RepeatMasker,UCSC"
"3.15","UCSC RepeatMasker annotations (Nov2012) for Nile tilapia -Oreochromis niloticus- (oreNil2)","oreNil2","https://functionalgenomics.upf.edu/annotationhub/repeatmasker/oreNil2/rmsk.oreNil2.Nov2012.rds","UCSC track","Nov2012","Oreochromis niloticus",8128,"UCSC RepeatMasker annotations (Nov2012) for Nile tilapia (oreNil2)","UCSC RepeatMasker annotations (Nov2012) for Nile tilapia (oreNil2)","oreNil2/rmsk.oreNil2.Nov2012.rds",TRUE,"UCSC","Robert Castelo <robert.castelo@upf.edu>","GRanges","RDS","https://functionalgenomics.upf.edu/annotationhub/repeatmasker/","RepeatMasker,UCSC"
"3.15","UCSC RepeatMasker annotations (Feb2016) for Platypus -Ornithorhynchus anatinus- (ornAna2)","ornAna2","https://functionalgenomics.upf.edu/annotationhub/repeatmasker/ornAna2/rmsk.ornAna2.Feb2016.rds","UCSC track","Feb2016","Ornithorhynchus anatinus",9258,"UCSC RepeatMasker annotations (Feb2016) for Platypus (ornAna2)","UCSC RepeatMasker annotations (Feb2016) for Platypus (ornAna2)","ornAna2/rmsk.ornAna2.Feb2016.rds",TRUE,"UCSC","Robert Castelo <robert.castelo@upf.edu>","GRanges","RDS","https://functionalgenomics.upf.edu/annotationhub/repeatmasker/","RepeatMasker,UCSC"
"3.15","UCSC RepeatMasker annotations (Apr2010) for Rabbit -Oryctolagus cuniculus- (oryCun2)","oryCun2","https://functionalgenomics.upf.edu/annotationhub/repeatmasker/oryCun2/rmsk.oryCun2.Apr2010.rds","UCSC track","Apr2010","Oryctolagus cuniculus",9986,"UCSC RepeatMasker annotations (Apr2010) for Rabbit (oryCun2)","UCSC RepeatMasker annotations (Apr2010) for Rabbit (oryCun2)","oryCun2/rmsk.oryCun2.Apr2010.rds",TRUE,"UCSC","Robert Castelo <robert.castelo@upf.edu>","GRanges","RDS","https://functionalgenomics.upf.edu/annotationhub/repeatmasker/","RepeatMasker,UCSC"
"3.15","UCSC RepeatMasker annotations (Nov2008) for Medaka -Oryzias latipes- (oryLat2)","oryLat2","https://functionalgenomics.upf.edu/annotationhub/repeatmasker/oryLat2/rmsk.oryLat2.Nov2008.rds","UCSC track","Nov2008","Oryzias latipes",8090,"UCSC RepeatMasker annotations (Nov2008) for Medaka (oryLat2)","UCSC RepeatMasker annotations (Nov2008) for Medaka (oryLat2)","oryLat2/rmsk.oryLat2.Nov2008.rds",TRUE,"UCSC","Robert Castelo <robert.castelo@upf.edu>","GRanges","RDS","https://functionalgenomics.upf.edu/annotationhub/repeatmasker/","RepeatMasker,UCSC"
"3.15","UCSC RepeatMasker annotations (Nov2012) for Bushbaby -Otolemur garnettii- (otoGar3)","otoGar3","https://functionalgenomics.upf.edu/annotationhub/repeatmasker/otoGar3/rmsk.otoGar3.Nov2012.rds","UCSC track","Nov2012","Otolemur garnettii",30611,"UCSC RepeatMasker annotations (Nov2012) for Bushbaby (otoGar3)","UCSC RepeatMasker annotations (Nov2012) for Bushbaby (otoGar3)","otoGar3/rmsk.otoGar3.Nov2012.rds",TRUE,"UCSC","Robert Castelo <robert.castelo@upf.edu>","GRanges","RDS","https://functionalgenomics.upf.edu/annotationhub/repeatmasker/","RepeatMasker,UCSC"
"3.15","UCSC RepeatMasker annotations (Oct2018) for Sheep -Ovis aries- (oviAri4)","oviAri4","https://functionalgenomics.upf.edu/annotationhub/repeatmasker/oviAri4/rmsk.oviAri4.Oct2018.rds","UCSC track","Oct2018","Ovis aries",9940,"UCSC RepeatMasker annotations (Oct2018) for Sheep (oviAri4)","UCSC RepeatMasker annotations (Oct2018) for Sheep (oviAri4)","oviAri4/rmsk.oviAri4.Oct2018.rds",TRUE,"UCSC","Robert Castelo <robert.castelo@upf.edu>","GRanges","RDS","https://functionalgenomics.upf.edu/annotationhub/repeatmasker/","RepeatMasker,UCSC"
"3.15","UCSC RepeatMasker annotations (Jun2020) for Bonobo -Pan paniscus- (panPan3)","panPan3","https://functionalgenomics.upf.edu/annotationhub/repeatmasker/panPan3/rmsk.panPan3.Jun2020.rds","UCSC track","Jun2020","Pan paniscus",9597,"UCSC RepeatMasker annotations (Jun2020) for Bonobo (panPan3)","UCSC RepeatMasker annotations (Jun2020) for Bonobo (panPan3)","panPan3/rmsk.panPan3.Jun2020.rds",TRUE,"UCSC","Robert Castelo <robert.castelo@upf.edu>","GRanges","RDS","https://functionalgenomics.upf.edu/annotationhub/repeatmasker/","RepeatMasker,UCSC"
"3.15","UCSC RepeatMasker annotations (Oct2018) for Chimp -Pan troglodytes- (panTro6)","panTro6","https://functionalgenomics.upf.edu/annotationhub/repeatmasker/panTro6/rmsk.panTro6.Oct2018.rds","UCSC track","Oct2018","Pan troglodytes",9598,"UCSC RepeatMasker annotations (Oct2018) for Chimp (panTro6)","UCSC RepeatMasker annotations (Oct2018) for Chimp (panTro6)","panTro6/rmsk.panTro6.Oct2018.rds",TRUE,"UCSC","Robert Castelo <robert.castelo@upf.edu>","GRanges","RDS","https://functionalgenomics.upf.edu/annotationhub/repeatmasker/","RepeatMasker,UCSC"
"3.15","UCSC RepeatMasker annotations (Jun2019) for Baboon -Papio anubis- (papAnu4)","papAnu4","https://functionalgenomics.upf.edu/annotationhub/repeatmasker/papAnu4/rmsk.papAnu4.Jun2019.rds","UCSC track","Jun2019","Papio anubis",9555,"UCSC RepeatMasker annotations (Jun2019) for Baboon (papAnu4)","UCSC RepeatMasker annotations (Jun2019) for Baboon (papAnu4)","papAnu4/rmsk.papAnu4.Jun2019.rds",TRUE,"UCSC","Robert Castelo <robert.castelo@upf.edu>","GRanges","RDS","https://functionalgenomics.upf.edu/annotationhub/repeatmasker/","RepeatMasker,UCSC"
"3.15","UCSC RepeatMasker annotations (Nov2012) for Baboon -Papio hamadryas- (papHam1)","papHam1","https://functionalgenomics.upf.edu/annotationhub/repeatmasker/papHam1/rmsk.papHam1.Nov2012.rds","UCSC track","Nov2012","Papio hamadryas",NA,"UCSC RepeatMasker annotations (Nov2012) for Baboon (papHam1)","UCSC RepeatMasker annotations (Nov2012) for Baboon (papHam1)","papHam1/rmsk.papHam1.Nov2012.rds",TRUE,"UCSC","Robert Castelo <robert.castelo@upf.edu>","GRanges","RDS","https://functionalgenomics.upf.edu/annotationhub/repeatmasker/","RepeatMasker,UCSC"
"3.15","UCSC RepeatMasker annotations (Mar2018) for Lamprey -Petromyzon marinus- (petMar3)","petMar3","https://functionalgenomics.upf.edu/annotationhub/repeatmasker/petMar3/rmsk.petMar3.Mar2018.rds","UCSC track","Mar2018","Petromyzon marinus",7757,"UCSC RepeatMasker annotations (Mar2018) for Lamprey (petMar3)","UCSC RepeatMasker annotations (Mar2018) for Lamprey (petMar3)","petMar3/rmsk.petMar3.Mar2018.rds",TRUE,"UCSC","Robert Castelo <robert.castelo@upf.edu>","GRanges","RDS","https://functionalgenomics.upf.edu/annotationhub/repeatmasker/","RepeatMasker,UCSC"
"3.15","UCSC RepeatMasker annotations (Nov2018) for Orangutan -Pongo pygmaeus abelii- (ponAbe3)","ponAbe3","https://functionalgenomics.upf.edu/annotationhub/repeatmasker/ponAbe3/rmsk.ponAbe3.Nov2018.rds","UCSC track","Nov2018","Pongo pygmaeus abelii",NA,"UCSC RepeatMasker annotations (Nov2018) for Orangutan (ponAbe3)","UCSC RepeatMasker annotations (Nov2018) for Orangutan (ponAbe3)","ponAbe3/rmsk.ponAbe3.Nov2018.rds",TRUE,"UCSC","Robert Castelo <robert.castelo@upf.edu>","GRanges","RDS","https://functionalgenomics.upf.edu/annotationhub/repeatmasker/","RepeatMasker,UCSC"
"3.15","UCSC RepeatMasker annotations (Nov2012) for Rock hyrax -Procavia capensis- (proCap1)","proCap1","https://functionalgenomics.upf.edu/annotationhub/repeatmasker/proCap1/rmsk.proCap1.Nov2012.rds","UCSC track","Nov2012","Procavia capensis",9813,"UCSC RepeatMasker annotations (Nov2012) for Rock hyrax (proCap1)","UCSC RepeatMasker annotations (Nov2012) for Rock hyrax (proCap1)","proCap1/rmsk.proCap1.Nov2012.rds",TRUE,"UCSC","Robert Castelo <robert.castelo@upf.edu>","GRanges","RDS","https://functionalgenomics.upf.edu/annotationhub/repeatmasker/","RepeatMasker,UCSC"
"3.15","UCSC RepeatMasker annotations (Nov2012) for Megabat -Pteropus vampyrus- (pteVam1)","pteVam1","https://functionalgenomics.upf.edu/annotationhub/repeatmasker/pteVam1/rmsk.pteVam1.Nov2012.rds","UCSC track","Nov2012","Pteropus vampyrus",132908,"UCSC RepeatMasker annotations (Nov2012) for Megabat (pteVam1)","UCSC RepeatMasker annotations (Nov2012) for Megabat (pteVam1)","pteVam1/rmsk.pteVam1.Nov2012.rds",TRUE,"UCSC","Robert Castelo <robert.castelo@upf.edu>","GRanges","RDS","https://functionalgenomics.upf.edu/annotationhub/repeatmasker/","RepeatMasker,UCSC"
"3.15","UCSC RepeatMasker annotations (Sep2019) for Rhesus -Macaca mulatta- (rheMac10)","rheMac10","https://functionalgenomics.upf.edu/annotationhub/repeatmasker/rheMac10/rmsk.rheMac10.Sep2019.rds","UCSC track","Sep2019","Macaca mulatta",9544,"UCSC RepeatMasker annotations (Sep2019) for Rhesus (rheMac10)","UCSC RepeatMasker annotations (Sep2019) for Rhesus (rheMac10)","rheMac10/rmsk.rheMac10.Sep2019.rds",TRUE,"UCSC","Robert Castelo <robert.castelo@upf.edu>","GRanges","RDS","https://functionalgenomics.upf.edu/annotationhub/repeatmasker/","RepeatMasker,UCSC"
"3.15","UCSC RepeatMasker annotations (Mar2017) for Golden snub-nosed monkey -Rhinopithecus roxellana- (rhiRox1)","rhiRox1","https://functionalgenomics.upf.edu/annotationhub/repeatmasker/rhiRox1/rmsk.rhiRox1.Mar2017.rds","UCSC track","Mar2017","Rhinopithecus roxellana",61622,"UCSC RepeatMasker annotations (Mar2017) for Golden snub-nosed monkey (rhiRox1)","UCSC RepeatMasker annotations (Mar2017) for Golden snub-nosed monkey (rhiRox1)","rhiRox1/rmsk.rhiRox1.Mar2017.rds",TRUE,"UCSC","Robert Castelo <robert.castelo@upf.edu>","GRanges","RDS","https://functionalgenomics.upf.edu/annotationhub/repeatmasker/","RepeatMasker,UCSC"
"3.15","UCSC RepeatMasker annotations (Feb2021) for Rat -Rattus norvegicus- (rn7)","rn7","https://functionalgenomics.upf.edu/annotationhub/repeatmasker/rn7/rmsk.rn7.Feb2021.rds","UCSC track","Feb2021","Rattus norvegicus",10116,"UCSC RepeatMasker annotations (Feb2021) for Rat (rn7)","UCSC RepeatMasker annotations (Feb2021) for Rat (rn7)","rn7/rmsk.rn7.Feb2021.rds",TRUE,"UCSC","Robert Castelo <robert.castelo@upf.edu>","GRanges","RDS","https://functionalgenomics.upf.edu/annotationhub/repeatmasker/","RepeatMasker,UCSC"
"3.15","UCSC RepeatMasker annotations (Nov2012) for Squirrel monkey -Saimiri boliviensis- (saiBol1)","saiBol1","https://functionalgenomics.upf.edu/annotationhub/repeatmasker/saiBol1/rmsk.saiBol1.Nov2012.rds","UCSC track","Nov2012","Saimiri boliviensis",NA,"UCSC RepeatMasker annotations (Nov2012) for Squirrel monkey (saiBol1)","UCSC RepeatMasker annotations (Nov2012) for Squirrel monkey (saiBol1)","saiBol1/rmsk.saiBol1.Nov2012.rds",TRUE,"UCSC","Robert Castelo <robert.castelo@upf.edu>","GRanges","RDS","https://functionalgenomics.upf.edu/annotationhub/repeatmasker/","RepeatMasker,UCSC"
"3.15","UCSC RepeatMasker annotations (Jul2012) for Tasmanian devil -Sarcophilus harrisii- (sarHar1)","sarHar1","https://functionalgenomics.upf.edu/annotationhub/repeatmasker/sarHar1/rmsk.sarHar1.Jul2012.rds","UCSC track","Jul2012","Sarcophilus harrisii",9305,"UCSC RepeatMasker annotations (Jul2012) for Tasmanian devil (sarHar1)","UCSC RepeatMasker annotations (Jul2012) for Tasmanian devil (sarHar1)","sarHar1/rmsk.sarHar1.Jul2012.rds",TRUE,"UCSC","Robert Castelo <robert.castelo@upf.edu>","GRanges","RDS","https://functionalgenomics.upf.edu/annotationhub/repeatmasker/","RepeatMasker,UCSC"
"3.15","UCSC RepeatMasker annotations (Jul2014) for Shrew -Sorex araneus- (sorAra2)","sorAra2","https://functionalgenomics.upf.edu/annotationhub/repeatmasker/sorAra2/rmsk.sorAra2.Jul2014.rds","UCSC track","Jul2014","Sorex araneus",42254,"UCSC RepeatMasker annotations (Jul2014) for Shrew (sorAra2)","UCSC RepeatMasker annotations (Jul2014) for Shrew (sorAra2)","sorAra2/rmsk.sorAra2.Jul2014.rds",TRUE,"UCSC","Robert Castelo <robert.castelo@upf.edu>","GRanges","RDS","https://functionalgenomics.upf.edu/annotationhub/repeatmasker/","RepeatMasker,UCSC"
"3.15","UCSC RepeatMasker annotations (Nov2012) for Squirrel -Spermophilus tridecemlineatus- (speTri2)","speTri2","https://functionalgenomics.upf.edu/annotationhub/repeatmasker/speTri2/rmsk.speTri2.Nov2012.rds","UCSC track","Nov2012","Spermophilus tridecemlineatus",NA,"UCSC RepeatMasker annotations (Nov2012) for Squirrel (speTri2)","UCSC RepeatMasker annotations (Nov2012) for Squirrel (speTri2)","speTri2/rmsk.speTri2.Nov2012.rds",TRUE,"UCSC","Robert Castelo <robert.castelo@upf.edu>","GRanges","RDS","https://functionalgenomics.upf.edu/annotationhub/repeatmasker/","RepeatMasker,UCSC"
"3.15","UCSC RepeatMasker annotations (Oct2007) for S. purpuratus -Strongylocentrotus purpuratus- (strPur2)","strPur2","https://functionalgenomics.upf.edu/annotationhub/repeatmasker/strPur2/rmsk.strPur2.Oct2007.rds","UCSC track","Oct2007","Strongylocentrotus purpuratus",7668,"UCSC RepeatMasker annotations (Oct2007) for S. purpuratus (strPur2)","UCSC RepeatMasker annotations (Oct2007) for S. purpuratus (strPur2)","strPur2/rmsk.strPur2.Oct2007.rds",TRUE,"UCSC","Robert Castelo <robert.castelo@upf.edu>","GRanges","RDS","https://functionalgenomics.upf.edu/annotationhub/repeatmasker/","RepeatMasker,UCSC"
"3.15","UCSC RepeatMasker annotations (Nov2017) for Pig -Sus scrofa- (susScr11)","susScr11","https://functionalgenomics.upf.edu/annotationhub/repeatmasker/susScr11/rmsk.susScr11.Nov2017.rds","UCSC track","Nov2017","Sus scrofa",9823,"UCSC RepeatMasker annotations (Nov2017) for Pig (susScr11)","UCSC RepeatMasker annotations (Nov2017) for Pig (susScr11)","susScr11/rmsk.susScr11.Nov2017.rds",TRUE,"UCSC","Robert Castelo <robert.castelo@upf.edu>","GRanges","RDS","https://functionalgenomics.upf.edu/annotationhub/repeatmasker/","RepeatMasker,UCSC"
"3.15","UCSC RepeatMasker annotations (May2014) for Zebra finch -Taeniopygia guttata- (taeGut2)","taeGut2","https://functionalgenomics.upf.edu/annotationhub/repeatmasker/taeGut2/rmsk.taeGut2.May2014.rds","UCSC track","May2014","Taeniopygia guttata",59729,"UCSC RepeatMasker annotations (May2014) for Zebra finch (taeGut2)","UCSC RepeatMasker annotations (May2014) for Zebra finch (taeGut2)","taeGut2/rmsk.taeGut2.May2014.rds",TRUE,"UCSC","Robert Castelo <robert.castelo@upf.edu>","GRanges","RDS","https://functionalgenomics.upf.edu/annotationhub/repeatmasker/","RepeatMasker,UCSC"
"3.15","UCSC RepeatMasker annotations (Apr2015) for Tarsier -Tarsius syrichta- (tarSyr2)","tarSyr2","https://functionalgenomics.upf.edu/annotationhub/repeatmasker/tarSyr2/rmsk.tarSyr2.Apr2015.rds","UCSC track","Apr2015","Tarsius syrichta",NA,"UCSC RepeatMasker annotations (Apr2015) for Tarsier (tarSyr2)","UCSC RepeatMasker annotations (Apr2015) for Tarsier (tarSyr2)","tarSyr2/rmsk.tarSyr2.Apr2015.rds",TRUE,"UCSC","Robert Castelo <robert.castelo@upf.edu>","GRanges","RDS","https://functionalgenomics.upf.edu/annotationhub/repeatmasker/","RepeatMasker,UCSC"
"3.15","UCSC RepeatMasker annotations (Sep2018) for Garter snake -Thamnophis sirtalis- (thaSir1)","thaSir1","https://functionalgenomics.upf.edu/annotationhub/repeatmasker/thaSir1/rmsk.thaSir1.Sep2018.rds","UCSC track","Sep2018","Thamnophis sirtalis",35019,"UCSC RepeatMasker annotations (Sep2018) for Garter snake (thaSir1)","UCSC RepeatMasker annotations (Sep2018) for Garter snake (thaSir1)","thaSir1/rmsk.thaSir1.Sep2018.rds",TRUE,"UCSC","Robert Castelo <robert.castelo@upf.edu>","GRanges","RDS","https://functionalgenomics.upf.edu/annotationhub/repeatmasker/","RepeatMasker,UCSC"
"3.15","UCSC RepeatMasker annotations (Nov2012) for Manatee -Trichechus manatus latirostris- (triMan1)","triMan1","https://functionalgenomics.upf.edu/annotationhub/repeatmasker/triMan1/rmsk.triMan1.Nov2012.rds","UCSC track","Nov2012","Trichechus manatus latirostris",127582,"UCSC RepeatMasker annotations (Nov2012) for Manatee (triMan1)","UCSC RepeatMasker annotations (Nov2012) for Manatee (triMan1)","triMan1/rmsk.triMan1.Nov2012.rds",TRUE,"UCSC","Robert Castelo <robert.castelo@upf.edu>","GRanges","RDS","https://functionalgenomics.upf.edu/annotationhub/repeatmasker/","RepeatMasker,UCSC"
"3.15","UCSC RepeatMasker annotations (Nov2012) for Tree shrew -Tupaia belangeri- (tupBel1)","tupBel1","https://functionalgenomics.upf.edu/annotationhub/repeatmasker/tupBel1/rmsk.tupBel1.Nov2012.rds","UCSC track","Nov2012","Tupaia belangeri",37347,"UCSC RepeatMasker annotations (Nov2012) for Tree shrew (tupBel1)","UCSC RepeatMasker annotations (Nov2012) for Tree shrew (tupBel1)","tupBel1/rmsk.tupBel1.Nov2012.rds",TRUE,"UCSC","Robert Castelo <robert.castelo@upf.edu>","GRanges","RDS","https://functionalgenomics.upf.edu/annotationhub/repeatmasker/","RepeatMasker,UCSC"
"3.15","UCSC RepeatMasker annotations (Jan2019) for Dolphin -Tursiops truncatus- (turTru2)","turTru2","https://functionalgenomics.upf.edu/annotationhub/repeatmasker/turTru2/rmsk.turTru2.Jan2019.rds","UCSC track","Jan2019","Tursiops truncatus",9739,"UCSC RepeatMasker annotations (Jan2019) for Dolphin (turTru2)","UCSC RepeatMasker annotations (Jan2019) for Dolphin (turTru2)","turTru2/rmsk.turTru2.Jan2019.rds",TRUE,"UCSC","Robert Castelo <robert.castelo@upf.edu>","GRanges","RDS","https://functionalgenomics.upf.edu/annotationhub/repeatmasker/","RepeatMasker,UCSC"
"3.15","UCSC RepeatMasker annotations (Sep2013) for Alpaca -Vicugna pacos- (vicPac2)","vicPac2","https://functionalgenomics.upf.edu/annotationhub/repeatmasker/vicPac2/rmsk.vicPac2.Sep2013.rds","UCSC track","Sep2013","Vicugna pacos",30538,"UCSC RepeatMasker annotations (Sep2013) for Alpaca (vicPac2)","UCSC RepeatMasker annotations (Sep2013) for Alpaca (vicPac2)","vicPac2/rmsk.vicPac2.Sep2013.rds",TRUE,"UCSC","Robert Castelo <robert.castelo@upf.edu>","GRanges","RDS","https://functionalgenomics.upf.edu/annotationhub/repeatmasker/","RepeatMasker,UCSC"
"3.15","UCSC RepeatMasker annotations (Nov2017) for African clawed frog -Xenopus laevis- (xenLae2)","xenLae2","https://functionalgenomics.upf.edu/annotationhub/repeatmasker/xenLae2/rmsk.xenLae2.Nov2017.rds","UCSC track","Nov2017","Xenopus laevis",8355,"UCSC RepeatMasker annotations (Nov2017) for African clawed frog (xenLae2)","UCSC RepeatMasker annotations (Nov2017) for African clawed frog (xenLae2)","xenLae2/rmsk.xenLae2.Nov2017.rds",TRUE,"UCSC","Robert Castelo <robert.castelo@upf.edu>","GRanges","RDS","https://functionalgenomics.upf.edu/annotationhub/repeatmasker/","RepeatMasker,UCSC"
"3.15","UCSC RepeatMasker annotations (Feb2021) for X. tropicalis -Xenopus tropicalis- (xenTro10)","xenTro10","https://functionalgenomics.upf.edu/annotationhub/repeatmasker/xenTro10/rmsk.xenTro10.Feb2021.rds","UCSC track","Feb2021","Xenopus tropicalis",8364,"UCSC RepeatMasker annotations (Feb2021) for X. tropicalis (xenTro10)","UCSC RepeatMasker annotations (Feb2021) for X. tropicalis (xenTro10)","xenTro10/rmsk.xenTro10.Feb2021.rds",TRUE,"UCSC","Robert Castelo <robert.castelo@upf.edu>","GRanges","RDS","https://functionalgenomics.upf.edu/annotationhub/repeatmasker/","RepeatMasker,UCSC"
